,full_word,pt1,rest
0,আনন্দময়,আনন্দ,ময়
1,সোনালি,সোন,আলি
2,রুপালি,রুপ,আলি
3,মধুর,মধু,র
4,বিরাট,বি,রাট
5,ক্ষুদ্র,ক্ষুদ,্র
6,আকর্ষণীয়,আকর্ষণ,ীয়
7,কল্পনাময়,কল্পনা,ময়
8,আশ্চর্যজনক,আশ্চর্য,জনক
9,রহস্যময়,রহস্য,ময়
10,জমকালো,জম,কালো
11,প্রাচুর্যময়,প্রাচুর্য,ময়
12,জীবনময়,জীবন,ময়
13,হাস্যোজ্জ্বল,হাস্য,উজ্জ্বল
14,মায়াময়,মায়া,ময়
15,মিষ্টিমুখ,মিষ্টি,মুখ
16,আদুরে,আদু,রে  
17,শোভন,শোভ,ন  
18,সুরেলা,সুর,এলা  
19,পরীসুলভ,পরী,সুলভ  
20,বর্ণময়,বর্ণ,ময়  
21,রসাল,রস,আল  
22,মায়াবী,মায়া,বী  
23,ঝলমলে,ঝলমল,এ  
24,বিস্ময়কর,বিস্ময়,কর  
25,উল্লসিত,উল্ল,সিত  
26,কোমল,কোম,ল  
27,মসৃণ,মসৃ,ণ  
28,নির্ঝঞ্ঝাট,নির্ঝঞ্ঝ,াট  
29,নিরুপম,নি,রুপম  
30,উদ্দীপ্ত,উদ্দীপ,ত  
31,জীবন্ত,জীব,ন্ত  
32,উচ্ছ্বসিত,উচ্ছ্ব,সিত  
33,বাতাসময়,বাতাস,ময়  
34,আলোছায়াময়,আলোছায়া,ময়  
35,রূপকথাময়,রূপকথা,ময়  
36,দ্যুতিময়,দ্যুতি,ময়  
37,স্বপ্নময়,স্বপ্ন,ময়  
38,স্বাধীন,স্ব,ধীন  
39,অনাবিল,অনা,বিল  
40,দোলায়মান,দোলা,য়মান  
41,সরল,সর,ল  
42,রঙবাহারী,রঙ,বাহারী  
43,অনির্বচনীয়,অনির্বচন,ীয়  
44,উৎসবমুখর,উৎসব,মুখর  
45,বীরত্বপূর্ণ,বীরত্ব,পূর্ণ  
46,রাজকীয়,রাজ,কীয়  
47,চিকচিকে,চিকচিক,এ  
48,কল্পনাপ্রবণ,কল্পনা,প্রবণ  
49,সহজ,স,হজ  
50,সুখদায়ক,সুখ,দায়ক  
51,বিস্ময়াভিভূত,বিস্ময়,অভিভূত  
52,অভিনব,অভি,নব  
53,রোদেলা,রোদ,এলা  
54,সুমধুর,সু,মধুর  
55,দুর্লভ,দুর,লভ  
56,আশ্চর্যময়,আশ্চর্য,ময়  
57,মনমুগ্ধকর,মন,মুগ্ধকর  
58,স্বর্গীয়,স্বর্গ,ীয়  
59,স্পন্দনশীল,স্পন্দন,শীল  
60,নবজাগ্রত,নব,জাগ্রত  
61,প্রাণবন্ত,প্রাণ,বন্ত  
62,মনোহর,মনো,হর  
63,জলময়,জল,ময়  
64,শিশুসুলভ,শিশু,সুলভ  
65,অনন্য,অন,ন্য  
66,অমূল্য,অ,মূল্য  
67,অচেনা,অ,চেনা  
68,স্বপ্নিল,স্বপ্ন,ইল  
69,বিজয়ী,বিজয়,ী  
70,অফুরন্ত,অফুর,ন্ত  
71,গৌরবময়,গৌরব,ময়  
72,মনকাড়া,মন,কাড়া  
73,সপ্রাণ,স,প্রাণ  
74,হীরকময়,হীরক,ময়  
75,অপার্থিব,অপার্থ,ইব  
76,ধীরস্থির,ধীর,স্থির  
77,নদীমাতৃক,নদী,মাতৃক  
78,পাহাড়ি,পাহাড়,ি  
79,সবুজে মোড়া,সবুজ,ে মোড়া  
80,সুস্বাদু,সু,স্বাদু  
81,আনন্দদায়ক,আনন্দ,দায়ক  
82,বর্ণিল,বর্ণ,ইল  
83,আজব,আ,জব  
84,লালিমাময়,লালিমা,ময়  
85,রৌদ্রজ্জ্বল,রৌদ্র,জ্জ্বল  
86,সুস্থির,সু,স্থির  
87,ধ্রুপদী,ধ্রুপ,দী  
88,অভিযাত্রিক,অভি,যাত্রিক  
89,মেলোডিক,মেলো,ডিক  
90,সুরভিত,সুর,ভিত  
91,সরস,সর,স  
92,কাল্পনিক,কাল্পন,ইক  
93,অবারিত,অ,বারিত  
94,কান্ডারী,কান্ড,আরী  
95,বিজলি,বিজল,ই  
96,ডাকবাক্স,ডাক,বাক্স  
97,কাপড়,কাপ,ড়  
98,বন্ধুত্ব,বন্ধু,ত্ব  
99,ময়না,ময়,না  
100,ডলফিন,ডল,ফিন  
101,দিগন্ত,দিগ,অন্ত  
102,নক্ষত্র,নক্ষ,ত্র  
103,কোষাগার,কোষ,আগার  
104,কল্পবৃক্ষ,কল্প,বৃক্ষ  
105,কাঞ্চন,কান,চন  
106,জলপাই,জল,পাই  
107,শুকতারা,শুক,তারা  
108,নীলিমা,নীল,ইমা  
109,কলম,কল,ম  
110,পেন্সিল,পেন,সিল  
111,গুপ্তধন,গুপ্ত,ধন  
112,লাটিম,লাটি,ম  
113,খেলাঘর,খেলা,ঘর  
114,হেলিকপ্টার,হেলিক,প্টার  
115,শিকড়,শিক,ড়  
116,ফুলদানী,ফুল,দানী  
117,ছায়া,ছা,য়া  
118,আলোড়ন,আলো,ড়ন  
119,জলপরী,জল,পরী  
120,গোলাপ,গোল,আপ  
121,আকাঙ্ক্ষা,আক,অঙ্ক্ষা  
122,লোককথা,লোক,কথা  
123,সৈকত,সৈক,ত  
124,মুক্তমঞ্চ,মুক্ত,মঞ্চ  
125,অনুষ্ঠান,অনু,ষ্ঠান  
126,চরিত্র,চরি,ত্র  
127,কাগজ,কাগ,জ  
128,পায়েস,পায়,এস  
129,সৌন্দর্য,সৌ,ন্দর্য  
130,নন্দনকানন,নন্দন,কানন  
131,সকাল,সকা,ল  
132,বিকেল,বিক,এল  
133,বাঁশি,বাঁশ,ই  
134,সেতার,সে,তার  
135,খুকি,খু,কি  
136,মুকুট,মু,কুট  
137,ডাকপিয়ন,ডাক,পিয়ন  
138,পদক্ষেপ,পদ,ক্ষেপ  
139,মুহূর্ত,মুহূ,র্ত  
140,অভিযান,অভি,যান  
141,উৎসব,উৎ,সব  
142,পবিত্রতা,পবিত্র,তা  
143,মিষ্টান্ন,মিষ্ট,আন্ন  
144,লুকোচুরি,লুকো,চুরি  
145,তারা,তা,রা  
146,রংধনু,রং,ধনু  
147,যাদু,যা,দু  
148,প্রহেলিকা,প্র,হেলিকা  
149,হাতি,হা,তি  
150,প্রজাপতি,প্রজা,পতি  
151,জোনাকি,জোনা,কি  
152,নৌকা,নৌ,কা  
153,কল্পনা,কল্প,না  
154,নকশা,নক,শা  
155,খরগোশ,খর,গোশ  
156,রাজা,রা,জা  
157,রানী,রা,নী  
158,আকাশ,আ,কাশ  
159,রূপকথা,রূপ,কথা  
160,কৌতূহল,কৌ,তূহল  
161,জাদুকর,জাদু,কর  
162,রাজপুত্র,রাজ,পুত্র  
163,রাজকন্যা,রাজ,কন্যা  
164,রুপো,রু,পো  
165,সুবাস,সু,বাস  
166,সুর্যাস্ত,সূর্য,অস্ত  
167,জাহাজ,জা,হাজ  
168,সমুদ্র,সমু,দ্র  
169,মিঠাই,মিঠ,আই  
170,বাগান,বা,গান  
171,সুতো,সু,তো  
172,পুতুল,পুতু,ল  
173,খুশি,খু,শি  
174,আগুন,আগ,উন  
175,ভেলা,ভে,লা  
176,ফুলকি,ফুল,কি  
177,প্রদীপ,প্র,দীপ  
178,উপহার,উপ,হার  
179,শ্রাবণ,শ্রা,বণ  
180,ময়ূর,ম,য়ূর  
181,ঘোড়া,ঘো,ড়া  
182,বিড়াল,বি,ড়াল  
183,কুকুর,কু,কুর  
184,চশমা,চ,শমা  
185,চকলেট,চক,লেট  
186,লজেন্স,লজেন,স  
187,কাঁঠাল,কাঁঠা,ল  
188,নারকেল,নার,কেল  
189,বায়ু,বা,যু  
190,ডানা,ডা,না  
191,গাড়ি,গা,ড়ি  
192,বিমান,বি,মান  
193,সেতু,সে,তু  
194,দরজা,দর,জা  
195,জানালা,জানা,লা  
196,রাজপ্রাসাদ,রাজ,প্রাসাদ  
197,উপকূল,উপ,কূল  
198,কুয়াশা,কুয়া,শা  
199,স্বপ্ন,স্ব,প্ন  
200,জ্ঞাণী,জ্ঞাণ,ী  
201,বর্ণাঢ্য,বর্ণ,আঢ্য  
202,দুঃসাহসী,দুঃসাহস,ী  
203,অভিযানমুখর,অভিযান,মুখর  
204,মননশীল,মনন,শীল  
205,নন্দিত,নন্দ,িত  
206,ভরসাযোগ্য,ভরসা,যোগ্য  
207,বিশ্বাসী,বিশ্বাস,ী  
208,সদাচারী,সদা,চারী  
209,শিক্ষিত,শিক্ষ,িত  
210,সংবেদনশীল,সংবেদন,শীল  
211,মিষ্টভাষী,মিষ্ট,ভাষী  
212,নিরহংকারী,নি,রহংকারী  
213,সম্মানীয়,সম্মান,ীয়  
214,সুধী,সু,ধী  
215,মৃদুভাষী,মৃদু,ভাষী  
216,আলোকপ্রদ,আলোক,প্রদ  
217,নির্মোহী,নি,র্মোহী  
218,নিশ্চয়তা,নিশ্চয়,তা  
219,অভ্যন্তরীণ,অভ্যন্তর,ীণ  
220,বিপ্লবী,বিপ্লব,ী  
221,অধীর,অ,ধীর  
222,শান্তিপূর্ণ,শান্তি,পূর্ণ  
223,আত্মবিশ্বাসী,আত্ম,বিশ্বাসী  
224,আত্মসম্মানিত,আত্ম,সম্মানিত  
225,পরিণত,পরি,ণত  
226,অধ্যবসায়ী,অধ্যবসায়,ী  
227,বিশ্লেষণাত্মক,বিশ্লেষণ,আত্মক  
228,মহৎপ্রাণ,মহৎ,প্রাণ  
229,শুদ্ধচিত্ত,শুদ্ধ,চিত্ত  
230,শ্রদ্ধেয়,শ্রদ্ধা,য়  
231,স্বার্থহীন,স্বার্থ,হীন  
232,সত্যনিষ্ঠ,সত্য,নিষ্ঠ  
233,স্বয়ংসম্পূর্ণ,স্বয়ং,সম্পূর্ণ  
234,সৎচরিত্র,সৎ,চরিত্র  
235,উজ্জ্বলময়,উজ্জ্বল,ময়  
236,নির্মলচিত্ত,নির্মল,চিত্ত  
237,পরিপূর্ণতা,পরিপূর্ণ,তা  
238,সম্ভ্রান্ত,সম্ভ্রা,ন্ত  
239,আত্মোন্নত,আত্ম,উন্নত  
240,নির্মলমনা,নির্মল,মনা  
241,সুদর্শন,সু,দর্শন  
242,সদয়,স,দয়  
243,গুণবান,গুণ,বান  
244,স্বস্তিদায়ক,স্বস্তি,দায়ক  
245,সিদ্ধান্তমূলক,সিদ্ধান্ত,মূলক  
246,সম্মাননীয়,সম্মান,নীয়  
247,দরদী,দরদ,ী  
248,বিশ্বাসযোগ্য,বিশ্বাস,যোগ্য  
249,প্রশ্ন,প্র,শ্ন
250,মিথ্যা,মিথ্য,া
251,ধারণা,ধারণ,া
252,বিভাগ,বিভা,গ
253,সাম্রাজ্য,সাম্রা,জ্য
254,অধিকার,অধি,কার
255,সরকার,সর,কার
256,শিক্ষা,শিক,্ষা
257,দক্ষতা,দক্ষ,তা
258,জীবন,জী,বন
259,মৃত্যু,মৃত,্যু
260,নতুন,নতু,ন
261,পুরানো,পুরা,নো
262,গুরুত্ব,গুরু,ত্ব
263,ভালবাসা,ভাল,বাসা
264,দুঃখ,দুঃ,খ
265,কষ্ট,কষ্,ট
266,বিরক্তি,বিরক্ত,ি
267,শান্তি,শান,তি
268,হাসি,হা,সি
269,কান্না,কান,না
270,মহাসাগর,মহাসা,গর
271,মহান,মহা,ন
272,সুন্দরী,সু,ন্দরী
273,বীর,বী,র
274,সাহস,সাহ,স
275,ধৈর্য,ধৈ,র্য
276,শক্তি,শক্ত,ি
277,দুর্বল,দুর,বল
278,স্বাভাবিক,স্বাভা,বিক
279,অস্বাভাবিক,অস্বা,ভাবিক
280,আত্মবিশ্বাস,আত্ম,বিশ্বাস
281,আত্মহত্যা,আত্ম,হত্যা
282,শক্তিশালী,শক্তি,শালী
283,দৃঢ়,দৃ,ঢ়
284,বিনম্র,বিন,ম্র
285,সাহায্য,সাহা,য্য
286,সহযোগিতা,সহ,যোগিতা
287,সংগ্রাম,সং,গ্রাম
288,আলোচনা,আলো,চনা
289,সত্যতা,সত্য,তা
290,আস্থা,আস,থা
291,বিশ্বাস,বিশ,বাস
292,পরাজয়,পরা,জয়
293,রক্ষা,রক্ষ,া
294,অবরোধ,অব,রোধ
295,পূজা,পূজ,া
296,প্রার্থনা,প্রার্থ,না
297,ঈশ্বর,ঈশ,্বর
298,আধ্যাত্মিক,আধ্যা,ত্মিক
299,ভক্তি,ভক,তি
300,পুণ্য,পু,ণ্য
301,মন্দির,মন্দি,র
302,মসজিদ,মস,জিদ
303,গীর্জা,গী,র্জা
304,চরণ,চর,ণ
305,শক্তিমান,শক্তি,মান
306,বিশ্ববোধ,বিশ্ব,বোধ
307,শ্রদ্ধা,শ্রদ্ধ,া
308,ধর্মী,ধর্ম,ী
309,অধ্যায়,অধ্য,ায়
310,নমস্কার,নম,স্কার
311,রচনা,রচ,না
312,গীত,গী,ত
313,গল্প,গল,প
314,কাহিনী,কাহি,নী
315,লেখক,লেখ,ক
316,লেখিকা,লেখি,কা
317,স্মৃতি,স্মৃ,তি
318,অভিজ্ঞতা,অভি,জ্ঞাতা
319,অলঙ্করণ,অলং,করণ
320,প্রথা,প্র,থা
321,মিথ,মি,থ
322,ধর্মবিশ্বাস,ধর্ম,বিশ্বাস
323,পূর্বপুরুষ,পূর্ব,পুরুষ
324,পশ্চিম,পশি,ম
325,দক্ষিণ,দক্ষী,ণ
326,নগর,নগ,র
327,গ্রাম,গ্রা,ম
328,কৃষি,কৃ,ষি
329,বিক্রয়,বিক্র,য়
330,ক্রেতা,ক্রে,তা
331,বিক্রেতা,বিক্রে,তা
332,ব্যবসায়ী,ব্যবসা,ঈ
333,দোকান,দোকা,ন
334,বাজার,বাজা,র
335,পসরা,পসর,া
336,সামগ্রী,সামগ,্রী
337,কারখানা,কার,খানা
338,সংস্থা,সং,স্থা
339,প্রতিষ্ঠান,প্রতিষ,্ঠান
340,কর্মচারী,কর্ম,চারী
341,পরিচালক,পরি,চালক
342,ব্যবস্থাপক,ব্যব,স্থাপক
343,এজেন্ট,এ,জেন্ট
344,আন্তর্জাতিক,আন্ত,জাতিক
345,জাতীয়,জাত,ীয়
346,সরকারি,সর,কারি
347,নির্বাচন,নি,র্বাচন
348,প্রতিনিধি,প্রতিম,নিদি
349,বিচার,বিচা,র
350,সাক্ষ্য,সাক্ষ,্য
351,অভিযোগ,অভি,যোগ
352,বিচারক,বিচা,রক
353,বিচারব্যবস্থা,বিচা,রব্যবস্থা
354,সংগ্রহ,সং,গ্রহ
355,অপরাধ,অপরা,ধ
356,স্বাধীনতা,স্বাধীন,তা  
357,স্বচ্ছতা,স্বচ্ছ,তা  
358,সুপরিচিত,সু,পরিচিত  
359,সুন্দরের,সুন্দর,এর  
360,সুবিবেচিত,সু,বিবেচিত  
361,সুশৃঙ্খলতা,সুশৃঙ্খল,তা  
362,সুসংগঠিত,সু,সংগঠিত  
363,হৃদয়স্পর্শী,হৃদয়,স্পর্শী  
364,হাস্যরসাত্মক,হাস্য,রসাত্মক  
365,সহজবোধ্য,সহজ,বোধ্য  
366,সঠিকতা,সঠিক,তা  
367,সমৃদ্ধশালী,সমৃদ্ধ,শালী  
368,সৃষ্টিশীল,সৃষ্টি,শীল  
369,সাধারণত,সাধারণ,ত  
370,সুবিন্যস্ত,সু,বিন্যস্ত  
371,সুবিবেচনা,সু,বিবেচনা  
372,উৎসাহব্যঞ্জক,উৎসাহ,ব্যঞ্জক  
373,নিশ্চিত,নি,শ্চিত  
374,নির্মলতা,নির্মল,তা  
375,নিষ্ঠা,নি,ষ্ঠা  
376,পুণ্যময়,পুণ্য,ময়  
377,পরিবর্তনশীল,পরিবর্তন,শীল  
378,পরিপক্বতা,পরিপক্ব,তা  
379,পরীক্ষামূলক,পরীক্ষা,মূলক  
380,প্রজ্ঞাশালী,প্রজ্ঞা,শালী  
381,প্রবাহমান,প্রবাহ,মান  
382,প্রবুদ্ধ,প্র,বুদ্ধ  
383,প্রসারণশীল,প্রসারণ,শীল  
384,প্রসিদ্ধি,প্র,সিদ্ধি  
385,প্রযোজ্য,প্র,যোজ্য  
386,প্রভাবশীল,প্রভাব,শীল  
387,ফলপ্রদ,ফল,প্রদ  
388,বৈজ্ঞানিক,বিজ্ঞান,ইক  
389,বৈশিষ্ট্যমণ্ডিত,বৈশিষ্ট্য,মণ্ডিত  
390,বুদ্ধিদীপ্ত,বুদ্ধি,দীপ্ত  
391,ভাষাশুদ্ধি,ভাষা,শুদ্ধি  
392,ভাষাতত্ত্ব,ভাষা,তত্ত্ব  
393,ভালোমানুষ,ভালো,মানুষ  
394,ভালোবাসার,ভালোবাসা,র  
395,মধুরতা,মধুর,তা  
396,মহত্ব,মহৎ,ত্ব  
397,মেধাসম্পন্ন,মেধা,সম্পন্ন  
398,মুগ্ধতা,মুগ্ধ,তা  
399,মরমী,মরম,ই  
400,যথেষ্ট,যথে,ষ্ট  
401,রুচিশীল,রুচি,শীল  
402,রঙিনতা,রঙিন,তা  
403,লাবণ্যতা,লাবণ্য,তা  
404,সংশোধনযোগ্য,সংশোধন,যোগ্য  
405,সম্প্রসারণশীল,সম্প্রসারণ,শীল  
406,সুবিখ্যাত,সু,বিখ্যাত  
407,স্বল্পমেয়াদী,স্বল্প,মেয়াদী  
408,স্বতন্ত্রতা,স্বতন্ত্র,তা  
409,স্বীকৃত,স্বী,কৃত  
410,হৃদয়বান,হৃদয়,বান  
411,হাস্যকর,হাস্য,কর  
412,নির্দিষ্টতা,নির্দিষ্ট,তা  
413,নিখুঁত,নি,খুঁত  
414,নিরাময়যোগ্য,নিরাময়,যোগ্য  
415,নিবেদিত,নি,বেদিত  
416,নির্বাক,নি,র্বাক  
417,নির্ভুল,নি,র্ভুল  
418,নির্ণায়ক,নি,র্ণায়ক  
419,নিপুণতা,নিপুণ,তা  
420,নৈসর্গিক,নৈসর্গ,ইক  
421,নিয়মিত,নিয়ম,িত  
422,নিয়মাবলী,নিয়ম,আবলী  
423,নিয়ন্ত্রণযোগ্য,নিয়ন্ত্রণ,যোগ্য  
424,নিপীড়িত,নি,পীড়িত  
425,নিখাদ,নি,খাদ  
426,নির্ভরতামূলক,নির্ভরতা,মূলক  
427,নির্ভরশীল,নির্ভর,শীল  
428,নির্বাচনমূলক,নির্বাচন,মূলক  
429,অপরিসীম,অ,পরিসীম  
430,অনুকূল,অনু,কূল  
431,অনুরাগী,অনু,রাগী  
432,অনুকরণীয়,অনু,করণীয়  
433,অনুশীলনমূলক,অনুশীলন,মূলক  
434,অমলিন,অ,মলিন  
435,অমৃত,অ,মৃত  
436,অভিজ্ঞান,অভি,জ্ঞান  
437,অভিনন্দন,অভি,নন্দন  
438,অভিযোগমূলক,অভিযোগ,মূলক  
439,অর্জিত,অর্জি,ত  
440,অসহায়,অ,সহায়  
441,অসংখ্য,অ,সংখ্য  
442,আলোকদাতা,আলোক,দাতা  
443,ইতিবাচক,ইতি,বাচক  
444,উদ্দেশ্যমূলক,উদ্দেশ্য,মূলক  
445,উদাহরণমূলক,উদাহরণ,মূলক  
446,উদ্ভাবনশীল,উদ্ভাবন,শীল  
447,উৎসাহী,উৎসাহ,ই  
448,উন্নত,উন্ন,ত  
449,উপকারী,উপ,কারী  
450,কর্তৃত্বশীল,কর্তৃত্ব,শীল  
451,ক্লান্তিহীন,ক্লান্তি,হীন  
452,ক্রমশ,ক্রম,শ  
453,গভীর,গ,ভীর  
454,গবেষণাধর্মী,গবেষণা,ধর্মী  
455,গুণমানসম্পন্ন,গুণমান,সম্পন্ন  
456,ঘটনাবহুল,ঘটনা,বহুল  
457,চমকপ্রদ,চমক,প্রদ  
458,চিরস্থায়ী,চির,স্থায়ী  
459,চিন্তাশক্তি,চিন্তা,শক্তি  
460,চ্যালেঞ্জিং,চ্যালেঞ্জ,ইং  
461,জ্ঞানপিপাসু,জ্ঞান,পিপাসু  
462,জীবনঘনিষ্ঠ,জীবন,ঘনিষ্ঠ  
463,দৈনিক,দিন,ইক  
464,দৃঢ়সংকল্প,দৃঢ়,সংকল্প  
465,দ্রুতগতি,দ্রুত,গতি  
466,ধৈর্যবান,ধৈর্য,বান  
467,নবজাগরণ,নব,জাগরণ  
468,নবসৃষ্ট,নব,সৃষ্ট  
469,নির্ভরযোগ্য,নির্ভর,যোগ্য  
470,নির্মোহতা,নির্মোহ,তা  
471,নির্বাচিত,নির্বাচ,িত  
472,নির্মাণশীল,নির্মাণ,শীল  
473,নিপুণ,নি,পুণ  
474,নিবিড়,নি,বিড়  
475,নির্দেশমূলক,নির্দেশ,মূলক  
476,নিষ্ঠার,নিষ্ঠা,র  
477,পণ্ডিত,প,ণ্ডিত  
478,পরিকল্পনামূলক,পরিকল্পনা,মূলক  
479,পর্যাপ্ত,পর্যা,প্ত  
480,পার্থক্যমূলক,পার্থক্য,মূলক  
481,পুনর্জন্ম,পুনর,জন্ম  
482,প্রগাঢ়,প্র,গাঢ়  
483,প্রজ্ঞা,প্র,জ্ঞা  
484,প্রতিষ্ঠিত,প্রতিষ্ঠা,িত  
485,প্রতিভাশালী,প্রতিভা,শালী  
486,প্রদর্শনমূলক,প্রদর্শন,মূলক  
487,প্রভূত,প্র,ভূত  
488,প্রমুখ,প্র,মুখ  
489,প্রসিদ্ধ,প্র,সিদ্ধ  
490,প্রাপ্ত,প্রা,প্ত  
491,প্রাসঙ্গিক,প্রসঙ্গ,ইক  
492,ফলপ্রসূ,ফল,প্রসূ  
493,বৈচিত্র্যময়,বৈচিত্র্য,ময়  
494,বৈশিষ্ট্যপূর্ণ,বৈশিষ্ট্য,পূর্ণ  
495,বুদ্ধিজীবী,বুদ্ধি,জীবী  
496,বৈধ,বৈ,ধ  
497,ভবিষ্যতদ্রষ্টা,ভবিষ্যত,দ্রষ্টা  
498,মন্ত্রমুগ্ধ,মন্ত্র,মুগ্ধ  
499,যথাযথ,যথা,যথ  
500,যৌক্তিক,যুক্তি,ইক  
501,লাবণ্য,লা,বণ্য  
502,সম্পন্ন,সম,পন্ন  
503,সম্পর্কিত,সম্পর্ক,িত  
504,সফলতা,সফল,তা  
505,সর্বজনীন,সর্ব,জনীন  
506,সাহিত্যসমৃদ্ধ,সাহিত্য,সমৃদ্ধ  
507,সুশৃঙ্খল,সু,শৃঙ্খল  
508,full_word,pt1,rest
509,আলোহিত,আলো,হিত
510,বিদ্বান,বিদ,বান
511,সহৃদয়,স,হৃদয়
512,চঞ্চলতা,চঞ্চল,তা
513,বিশ্বস্ত,বিশ্বাস,স্ত
514,নিষ্ঠাবান,নিষ্ঠা,বান
515,সতর্ক,স,তর্ক
516,সহজসরল,সহজ,সরল
517,আনন্দিত,আনন্দ,িত
518,কর্তব্যপরায়ণ,কর্তব্য,পরায়ণ
519,সজ্জন,স,জজন
520,সুবুদ্ধি,সু,বুদ্ধি
521,বিজ্ঞানী,বিজ্ঞান,ই
522,ধীমান,ধী,মান
523,উদ্বুদ্ধ,উদ,বুদ্ধ
524,জ্ঞানী,জ্ঞান,ই
525,সুবিচারক,সু,বিচারক
526,কুশাগ্র,কুশ,আগ্র
527,পাণ্ডিত্যপূর্ণ,পাণ্ডিত্য,পূর্ণ
528,পরিষ্কার,পরি,ষ্কার
529,সৌম্য,সৌ,ম্য
530,চতুর,চ,তুর
531,সৃজনমুখী,সৃজন,মুখী
532,আলোকপ্রাপ্ত,আলোক,প্রাপ্ত
533,কর্মঠ,কর্ম,ঠ
534,প্রগতিশীল,প্রগতি,শীল
535,সুপরামর্শক,সু,পরামর্শক
536,সাহিত্যপ্রেমী,সাহিত্য,প্রেমী
537,শৃঙ্খলাপরায়ণ,শৃঙ্খলা,পরায়ণ
538,সৌন্দর্যমণ্ডিত,সৌন্দর্য,মণ্ডিত
539,নম্রশীল,নম্র,শীল
540,গবেষণামূলক,গবেষণা,মূলক
541,বিশ্বদর্শী,বিশ্ব,দর্শী
542,মানবিক,মানব,ইক
543,পর্যবেক্ষণশীল,পর্যবেক্ষণ,শীল
544,আস্থাশীল,আস্থা,শীল
545,সংস্কৃতিমনা,সংস্কৃতি,মনা
546,নির্মলমতি,নির্মল,মতি
547,পরমার্থবাদী,পরমার্থ,বাদী
548,অহিংস,অ,হিংস
549,সুবিবেচনাপ্রসূত,সুবিবেচনা,প্রসূত
550,নির্লোভ,নি,র্লোভ
551,স্বাবলম্বী,স,অবলম্বী
552,সংশয়মুক্ত,সংশয়,মুক্ত
553,বিচক্ষণতা,বিচক্ষণ,তা
554,দৃঢ়চেতা,দৃঢ়,চেতা
555,পরম্পরাবাদী,পরম্পরা,বাদী
556,প্রামাণ্য,প্রমাণ,ইয়
557,দূরদর্শী,দূর,দর্শী
558,আলোকিত,আলোক,িত
559,অতুলনীয়,অতুল,নীয়
560,অপরাজেয়,অপরা,জেয়
561,অবিশ্বাস্য,অবিশ্বাস,্য
562,অপরিমেয়,অপরি,মেয়
563,অতীন্দ্রিয়,অতী,ন্দ্রিয়
564,অনুকম্পাময়,অনুকম্পা,ময়
565,উদ্বোধনী,উদ্বোধ,নী
566,অনুভূমিক,অনুভূ,মিক
567,উজ্জীবিত,উজ্জীব,িত
568,অমিতব্যয়ী,অমিত,ব্যয়ী
569,অপরূপ,অপর,ূপ
570,অকল্পনীয়,অকল্প,নীয়
571,আত্মবিস্মিত,আত্ম,বিস্মিত
572,অতুলনীয়তা,অতুলনীয়,তা
573,নির্ভীক,নি,র্ভীক
574,নিরন্তর,নি,রন্তর
575,আনন্দদায়িনী,আনন্দ,দায়িনী
576,অনুরাগময়,অনুরাগ,ময়
577,উত্তম,উত্ত,ম
578,অমোঘ,অম,োঘ
579,প্রেরণাদায়ক,প্রেরণা,দায়ক
580,সৌম্যদর্শী,সৌম্য,দর্শী
581,নিরবচ্ছিন্ন,নি,রবচ্ছিন্ন
582,আলোকবিচ্ছুরিত,আলোক,বিচ্ছুরিত
583,অনুপ্রেরণাময়,অনুপ্রেরণা,ময়
584,অসীম,অ,সীম
585,অবিচল,অ,বিচল
586,অম্লান,অম্ল,ান
587,অবিচ্ছিন্ন,অবিচ্ছি,ন্ন
588,আলোচিত,আলো,চিত
589,প্রজ্ঞাসম্পন্নতা,প্রজ্ঞা,সম্পন্নতা
590,সুনিপুণ,সু,নিপুণ
591,সুচিন্তিত,সু,চিন্তিত
592,উদাত্ত,উদা,ত্ত
593,উন্নতিসাধন,উন্নতি,সাধন
594,নবজাগরণশীল,নব,জাগরণশীল
595,উদ্যমী,উদ্য,মী
596,অপার্থিবত্ব,অপার্থিব,ত্ব
597,সুস্পষ্ট,সু,স্পষ্ট
598,পরিষ্কারতা,পরিষ্কার,তা
599,নিরবচ্ছিন্নতা,নি,রবচ্ছিন্নতা
600,আনন্দজীবন,আনন্দ,জীবন
601,উদ্দীপনাময়,উদ্দীপনা,ময়
602,সুখস্মৃতি,সুখ,স্মৃতি
603,প্রতিভাবান,প্রতিভা,বান
604,অম্লানতা,অম্লান,তা
605,উজ্জ্বলতা,উজ্জ্বল,তা
606,উন্নতিবান,উন্নতি,বান
607,সমৃদ্ধি,সমৃ,দ্ধি
608,সঙ্গীতময়,সঙ্গীত,ময়
609,কাব্যিক,কাব্য,ইক
610,সাহিত্যিক,সাহিত্য,ইক
611,সুচিন্তন,সু,চিন্তন
612,উদাসীন,উদা,সীন
613,অমায়িক,অমা,য়িক
614,নিসর্গ,নিস,র্গ
615,নবচেতনা,নব,চেতনা
616,সুপ্রতিষ্ঠিত,সু,প্রতিষ্ঠিত
617,দীর্ঘস্থায়ী,দীর্ঘ,স্থায়ী
618,নির্মলচিন্তা,নির্মল,চিন্তা
619,অনুবাদযোগ্য,অনুবাদ,যোগ্য
620,উদাসীনতা,উদা,সীনতা
621,অতৃপ্তি,অতৃ,প্তি
622,সমাধানযোগ্য,সমাধান,যোগ্য
623,পরিণতিসম্মত,পরিণতি,সম্মত
624,উদ্ভাবনযোগ্য,উদ্ভাবন,যোগ্য
625,সুনির্মল,সু,নির্মল
626,উদ্বেগমুক্ত,উদ্বেগ,মুক্ত
627,পরিচ্ছন্ন,পরি,চ্ছন্ন
628,উদার,উদা,র
629,সুসংগঠিততা,সু,সংগঠিততা
630,অবিচলিত,অবিচলি,ত
631,অপার্থিবতাসম্পন্ন,অপার্থিবতা,সম্পন্ন
632,আনন্দময়তা,আনন্দময়,তা
633,উদারচিত্ত,উদার,চিত্ত
634,নির্ভরশীলতা,নির্ভরশীল,তা
635,অপরাজেয়তা,অপরাজেয়,তা
636,স্ফুটিত,স্ফু,টিত
637,সুস্থতা,সু,স্থতা
638,প্রজ্ঞাপূর্ণ,প্রজ্ঞা,পূর্ণ
639,স্মরণীয়,স্মরণ,ীয়
640,উপলব্ধিযোগ্য,উপলব্ধি,যোগ্য
641,অধিকারযোগ্য,অধিকার,যোগ্য
642,স্বনির্ভর,স্ব,নির্ভর
643,সত্যবাদী,সত্য,বাদী
644,সৌহার্দ্যপূর্ণ,সৌহার্দ্য,পূর্ণ
645,অপ্রতিম,অপ্র,তিম
646,বৈশ্বিক,বৈশ্বি,ক
647,উৎসর্গীকৃত,উৎসর্গ,ীকৃত
648,পরিবেশবান্ধব,পরিবেশ,বান্ধব
649,সজীব,সজী,ব
650,উদ্বুদ্ধতা,উদ্বুদ্ধ,তা
651,দীর্ঘস্থায়িত্ব,দীর্ঘ,স্থায়িত্ব
652,পরিশীলিত,পরি,শীলিত
653,উত্তেজনাপূর্ণ,উত্তেজনা,পূর্ণ
654,অসামান্য,অসা,মান্য
655,উৎকৃষ্ট,উৎ,কৃষ্ট
656,সুচিন্তিততা,সু,চিন্তিততা
657,অদম্য,অদ,ম্য
658,প্রতিভাবানতা,প্রতিভা,বানতা
659,অপ্রতিরোধ্য,অপ্রতি,রোধ্য
660,বৈচিত্র্যপূর্ণতা,বৈচিত্র্য,পূর্ণতা
661,সৃষ্টিশীলতা,সৃষ্টি,শীলতা
662,দীর্ঘায়ু,দীর্ঘা,য়ু
663,অদ্বিতীয়,অদ্বি,তীয়
664,উত্তমতা,উত্তম,তা
665,সুপ্রতিকল্পিত,সু,পরিকল্পিত
666,অসামঞ্জস্য,অসা,মঞ্জস্য
667,নিরন্তরতা,নি,রন্তরতা
668,অবিচলতা,অবিচল,তা
669,উপলব্ধি,উপলব্ধ,ি
670,অপূর্ব,অপূ,র্ব
671,সুসংবাদ,সু,সংবাদ
672,সৌন্দর্যময়ী,সৌন্দর্য,ময়ী
673,অপেক্ষাকৃত,অপেক্ষা,কৃত
674,উদ্বেগমুক্ততা,উদ্বেগ,মুক্ততা
675,অপেক্ষিত,অপেক্ষি,ত
676,উদ্ভাবনশীলতা,উদ্ভাবন,শীলতা
677,অসীমতা,অসীম,তা
678,প্রগতিশীলতা,প্রগতি,শীলতা
679,উদ্যমশীল,উদ্যম,শীল
680,নির্বিচ্ছিন্নতা,নি,র্বিচ্ছিন্নতা
681,উদ্বোধন,উদ্বোধ,ন
682,আত্মনির্ভরশীল,আত্ম,নির্ভরশীল
683,সুসংস্কৃত,সু,সংস্কৃত
684,প্রজ্ঞাশীল,প্রজ্ঞা,শীল
685,নির্মলবিচ্ছিন্ন,নির্মল,বিচ্ছিন্ন
686,সৌন্দর্যবোধ,সৌন্দর্য,বোধ
687,অমায়াবাদী,অমায়া,বাদী
688,সুষম,সু,সম
689,বিশ্বব্রত,বিশ্ব,ব্রত
690,সুপ্রতিভা,সু,প্রতিভা
691,উদারমনা,উদার,মনা
692,উৎসাহব্যঞ্জকতা,উৎসাহ,ব্যঞ্জকতা
693,উদ্যমশীলতা,উদ্যম,শীলতা
694,সুচিন্তনময়,সু,চিন্তনময়
695,বৈজ্ঞানিকতা,বৈজ্ঞান,ইকতা
696,সৃজনশীল,সৃজন,শীল
697,সৃজনশীলতা,সৃজন,শীলতা
698,পরিশীলিততা,পরি,শীলিততা
699,অতুলনীয়সত্তা,অতুলনীয়,সত্তা
700,অসামঞ্জস্যতা,অসা,মঞ্জস্যতা
701,সুস্পষ্টতা,সু,স্পষ্টতা
702,সুপ্রশিক্ষিত,সু,প্রশিক্ষিত
703,পরিকল্পনাশীল,পরিকল্পনা,শীল
704,নির্বাচনপ্রক্রিয়া,নির্বাচন,প্রক্রিয়া
705,সুষ্ঠু,সু,ষ্টু
706,উদ্যোগী,উদ্যো,গী
707,আত্মনির্ভরশীলতা,আত্ম,নির্ভরশীলতা
708,উদ্বোধনীতা,উদ্বোধন,ীতা
709,সুপ্রতিষ্ঠিততা,সু,প্রতিষ্ঠিততা
710,উদ্যোগশীল,উদ্যোগ,শীল
711,সুপ্রতিভাশালী,সু,প্রতিভাশালী
712,উদারচিত্ততা,উদার,চিত্ততা
713,অপরাজেয়ত্ব,অপরাজেয়,ত্ব
714,স্ফুটিততা,স্ফু,টিততা
715,সুস্থবস্থা,সু,স্থবস্থা
716,প্রজ্ঞাপূর্ণতা,প্রজ্ঞা,পূর্ণতা
717,স্মরণীয়তা,স্মরণ,ীয়তা
718,উপলব্ধিযোগ্যতা,উপলব্ধি,যোগ্যতা
719,অধিকারযোগ্যতা,অধিকার,যোগ্যতা
720,স্বনির্ভরতায়,স্ব,নির্ভরতায়
721,সত্যবাদিতার,সত্য,বাদিতার
722,সৌহার্দ্যপূর্ণতা,সৌহার্দ্য,পূর্ণতা
723,অপ্রতিমত্ব,অপ্র,তিমত্ব
724,বৈশ্বিকতা,বৈশ্বি,কতা
725,উৎসর্গীকৃততা,উৎসর্গ,ীকৃততা
726,পরিবেশবান্ধবতা,পরিবেশ,বান্ধবতা
727,সজীবতা,সজী,বতা
728,উদ্বুদ্ধিমত্তা,উদ্বুদ্ধি,মত্তা
729,দীর্ঘস্থায়িত্বতা,দীর্ঘ,স্থায়িত্বতা
730,পরিশীলিতভাব,পরি,শীলিতভাব
731,উত্তেজনাপূর্ণতা,উত্তেজনা,পূর্ণতা
732,অসামান্যতা,অসা,মান্যতা
733,উৎকৃষ্টতা,উৎ,কৃষ্টতা
734,সুচিন্তিততাময়,সু,চিন্তিততাময়
735,অদম্যতা,অদ,ম্যতা
736,প্রতিভাবানতাময়,প্রতিভা,বানতাময়
737,অপ্রতিরোধ্যতা,অপ্রতি,রোধ্যতা
738,বৈচিত্র্যপূর্ণতাময়,বৈচিত্র্য,পূর্ণতাময়
739,সৃষ্টিশীলতাময়,সৃষ্টি,শীলতাময়
740,দীর্ঘায়ুত্ব,দীর্ঘা,য়ুত্ব
741,অদ্বিতীয়তা,অদ্বি,তীয়তা
742,উত্তমতাময়,উত্তম,তাময়
743,সুপ্রতিকল্পিততা,সু,পরিকল্পিততা
744,অসামঞ্জস্যময়,অসামঞ্জস্য,ময়
745,নিরন্তরতাময়,নি,রন্তরতাময়
746,অবিচলতাময়,অবিচল,তাময়
747,উপলব্ধিগত,উপলব্ধি,গত
748,অপূর্বতা,অপূ,র্বতা
749,সুসংবাদপ্রসূত,সু,সংবাদপ্রসূত
750,সৌন্দর্যময়ীতা,সৌন্দর্য,ময়ীতা
751,অপেক্ষাকৃততা,অপেক্ষা,কৃততা
752,উদ্বেগমুক্ততাময়,উদ্বেগ,মুক্ততাময়
753,অপেক্ষিততা,অপেক্ষি,ততা
754,উদ্ভাবনশীলতাময়,উদ্ভাবন,শীলতাময়
755,অসীমতাময়,অসীম,তাময়
756,প্রগতিশীলতাময়,প্রগতি,শীলতাময়
757,উদ্যমশীলতাময়,উদ্যম,শীলতাময়
758,আনন্দপ্রদ,আনন্দ,প্রদ
759,চেতনাবান,চেতন,াবান
760,শান্তিদায়ক,শান্তি,দায়ক
761,উজ্জ্বলকর,উজ্জ্বল,কর
762,সুপ্রজ্ঞ,সু,প্রজ্ঞ
763,অমলিনতা,অমলিন,তা
764,প্রেরণামূলক,প্রেরণা,মূলক
765,উদ্দীপক,উদ্দীপ,ক
766,চিন্তাময়,চিন্তা,ময়
767,মননশীলতা,মনন,শীলতা
768,পরিকল্পনাপ্রবণ,পরিকল্পনা,প্রবণ
769,স্মৃতিময়,স্মৃতি,ময়
770,উদ্যমবর্ধক,উদ্যম,বর্ধক
771,সমর্থনযোগ্য,সমর্থন,যোগ্য
772,বুদ্ধিমত্তা,বুদ্ধি,মত্তা
773,সচেতনতা,সচেতন,তা
774,উন্নয়নশীল,উন্নয়ন,শীল
775,উন্নয়নমুখী,উন্নয়ন,মুখী
776,নবজীবন,নব,জীবন
777,আলোকসজ্জিত,আলোক,সজ্জিত
778,অতিশয়,অতি,শয়
779,অপূর্বময়,অপূর্ব,ময়
780,প্রখর,প্রখ,র
781,প্রখরতা,প্রখর,তা
782,মধুরিমা,মধু,রিমা
783,সৌন্দর্যবর্ধক,সৌন্দর্য,বর্ধক
784,নবীনতা,নবীন,তা
785,জ্ঞানবর্ধক,জ্ঞান,বর্ধক
786,বৈচিত্র্যসমৃদ্ধ,বৈচিত্র্য,সমৃদ্ধ
787,প্রতিভাপূর্ণ,প্রতিভা,পূর্ণ
788,অনুপ্রেরণাদায়িনী,অনুপ্রেরণা,দায়িনী
789,সজীবতাপূর্ণ,সজীবতা,পূর্ণ
790,উদ্ভাবনী,উদ্ভাবন,নী
791,উদ্বেগহীন,উদ্বেগ,হীন
792,নিরাময়,নি,রাময়
793,সহজসাধ্য,সহজ,সাধ্য
794,অব্যাহত,অব্য,াহত
795,অদলবদল,অদল,বদল
796,পরিপাটি,পরি,পাটি
797,আলোরোপণ,আলো,রোপণ
798,উজ্জীবন,উজ্জীব,ন
799,মনোবোধ,মনো,বোধ
800,অতিমাত্রা,অতি,মাত্রা
801,অত্যন্ত,অত্য,ন্ত
802,প্রচুরতা,প্রচুর,তা
803,বহুমাত্রিক,বহু,মাত্রিক